epoch,time,train/box_loss,train/cls_loss,train/dfl_loss,metrics/precision(B),metrics/recall(B),metrics/mAP50(B),metrics/mAP50-95(B),val/box_loss,val/cls_loss,val/dfl_loss,lr/pg0,lr/pg1,lr/pg2
1,156.485,2.55693,12.1122,2.88291,0.5495,0.06861,0.05288,0.01847,2.81031,12.6951,3.04999,4.99711e-05,4.99711e-05,0.0450529
2,292.267,2.19587,10.0383,2.57402,0.52428,0.12434,0.12551,0.05223,2.69722,10.8366,2.88684,9.9965e-05,9.9965e-05,0.0401029
3,445.746,2.08181,9.38939,2.44424,0.64303,0.14457,0.15269,0.06057,2.57429,9.9272,2.74631,0.000149934,0.000149934,0.0351528
4,579.323,2.04785,9.15248,2.41299,0.53686,0.16776,0.13639,0.05708,2.63062,10.2789,2.80738,0.000199861,0.000199861,0.0302027
5,712.033,2.01251,8.95942,2.35938,0.53287,0.14626,0.12383,0.05082,2.57946,12.454,2.83882,0.000249726,0.000249726,0.0252526
6,841.453,1.9662,8.54799,2.31673,0.48788,0.2262,0.18397,0.06873,2.57207,9.64516,2.83743,0.000299511,0.000299511,0.0203024
7,968.58,1.92647,8.34974,2.28813,0.55857,0.17392,0.17672,0.07429,2.51963,12.6161,2.85579,0.000349198,0.000349198,0.0153521
8,1097.24,1.90284,8.11284,2.25263,0.54711,0.20819,0.21714,0.08097,2.41549,9.53503,2.70869,0.000398769,0.000398769,0.0104017
9,1225.27,1.88347,7.9491,2.2393,0.49453,0.18774,0.17173,0.06294,2.54025,12.8149,2.79538,0.000448206,0.000448206,0.00545109
10,1351.19,1.86367,7.91204,2.22016,0.60378,0.20599,0.22149,0.08879,2.45282,13.2782,2.83246,0.00049749,0.00049749,0.000500376
11,1479.36,1.84602,7.73131,2.18758,0.4576,0.30266,0.24891,0.09063,2.47267,13.7745,2.89376,0.000496937,0.000496937,0.000496937
12,1612.94,1.82393,7.50085,2.17817,0.53399,0.28131,0.26255,0.09818,2.4025,12.0303,2.7327,0.000496296,0.000496296,0.000496296
13,1742.84,1.80646,7.4233,2.16859,0.43812,0.26657,0.24303,0.10154,2.39297,10.8482,2.81748,0.000495594,0.000495594,0.000495594
14,1871.91,1.78351,7.20635,2.14256,0.44986,0.28157,0.25145,0.11042,2.44592,10.7162,2.87366,0.000494832,0.000494832,0.000494832
15,2004.42,1.75581,7.11595,2.12549,0.44607,0.22711,0.23011,0.09984,2.46497,11.1142,2.86072,0.000494009,0.000494009,0.000494009
16,2135.55,1.76418,6.94921,2.11875,0.54422,0.28978,0.27284,0.11968,2.36009,12.6493,2.84024,0.000493127,0.000493127,0.000493127
17,2265.77,1.7508,6.89979,2.11132,0.32593,0.32748,0.26383,0.11044,2.44992,12.8736,2.8885,0.000492185,0.000492185,0.000492185
18,2395,1.71884,6.74163,2.09111,0.53051,0.31877,0.2747,0.11645,2.37193,10.2459,2.70587,0.000491184,0.000491184,0.000491184
19,2527.21,1.71176,6.6556,2.07361,0.5937,0.27359,0.27819,0.11632,2.43796,10.364,2.86662,0.000490123,0.000490123,0.000490123
20,2658.82,1.71201,6.58984,2.08778,0.49118,0.30826,0.27593,0.12633,2.30354,12.581,2.71482,0.000489004,0.000489004,0.000489004
21,2789.9,1.69719,6.52598,2.07218,0.46959,0.29961,0.29115,0.12477,2.37453,11.3899,2.90246,0.000487825,0.000487825,0.000487825
22,2919.66,1.67924,6.44658,2.04649,0.5448,0.30522,0.30032,0.13374,2.33646,10.0727,2.87523,0.000486589,0.000486589,0.000486589
23,3052.29,1.66164,6.35204,2.05102,0.49684,0.30235,0.25753,0.11479,2.32759,10.7373,2.89992,0.000485294,0.000485294,0.000485294
24,3234.75,1.66189,6.39371,2.0327,0.52349,0.31103,0.32274,0.13666,2.36594,9.11185,2.93285,0.000483942,0.000483942,0.000483942
25,3406.63,1.65292,6.09425,2.03176,0.52072,0.34805,0.29904,0.12975,2.3996,8.66295,3.07627,0.000482532,0.000482532,0.000482532
26,3534.49,1.65266,6.15806,2.01904,0.56542,0.34403,0.30359,0.14039,2.38275,8.13209,3.10256,0.000481065,0.000481065,0.000481065
27,3664.3,1.61117,6.10289,1.99846,0.57199,0.31268,0.32821,0.14469,2.35355,9.27723,2.96731,0.000479541,0.000479541,0.000479541
28,3794.42,1.64147,6.06342,2.01893,0.56006,0.35529,0.30176,0.13867,2.36622,9.65351,2.99077,0.000477962,0.000477962,0.000477962
29,3926.95,1.62059,6.08313,2.00404,0.52981,0.34888,0.32,0.14278,2.35113,9.16816,2.96039,0.000476326,0.000476326,0.000476326
30,4059.25,1.61055,5.90148,1.98675,0.58627,0.35569,0.29843,0.13191,2.34224,10.7,3.16786,0.000474634,0.000474634,0.000474634
31,4188.39,1.61817,5.86024,2.01007,0.5657,0.27212,0.25618,0.10778,2.37868,9.81074,2.9595,0.000472888,0.000472888,0.000472888
32,4314.9,1.60444,5.82446,1.99819,0.61158,0.32736,0.30736,0.14441,2.2638,8.41517,2.84085,0.000471087,0.000471087,0.000471087
33,4447.37,1.59671,5.69143,1.97228,0.57925,0.36208,0.34911,0.15355,2.3102,10.0005,3.08934,0.000469231,0.000469231,0.000469231
34,4574.27,1.58502,5.63615,1.95414,0.62521,0.34788,0.3243,0.14989,2.32899,8.89351,2.97965,0.000467322,0.000467322,0.000467322
35,4699.84,1.56651,5.73542,1.95748,0.55202,0.35069,0.31013,0.14435,2.34606,8.84198,3.13185,0.00046536,0.00046536,0.00046536
36,4828.19,1.58704,5.60689,1.95682,0.67608,0.33245,0.31906,0.14607,2.34096,8.50628,3.11042,0.000463344,0.000463344,0.000463344
37,4954.7,1.57989,5.52843,1.94883,0.66531,0.30929,0.31644,0.14947,2.28611,8.5309,2.96285,0.000461277,0.000461277,0.000461277
38,5086.57,1.57835,5.60781,1.95203,0.59547,0.3495,0.3314,0.15264,2.23323,8.0987,2.90499,0.000459157,0.000459157,0.000459157
39,5215.62,1.54705,5.47427,1.93257,0.59276,0.35443,0.33646,0.15714,2.31947,7.84939,3.03537,0.000456986,0.000456986,0.000456986
40,5342.19,1.56454,5.38701,1.93471,0.53241,0.3858,0.35741,0.15235,2.30103,8.51797,3.06205,0.000454765,0.000454765,0.000454765
41,5472.47,1.55049,5.44033,1.93674,0.63592,0.34498,0.37747,0.15599,2.34474,7.44403,3.02016,0.000452493,0.000452493,0.000452493
42,5599.69,1.54138,5.37721,1.90492,0.73526,0.35807,0.33745,0.15014,2.23402,9.06686,2.91913,0.000450172,0.000450172,0.000450172
43,5725.68,1.54514,5.25886,1.92884,0.66105,0.33274,0.39075,0.17917,2.31011,8.76551,2.9219,0.000447801,0.000447801,0.000447801
44,5856.08,1.53182,5.27328,1.91087,0.59993,0.40057,0.35235,0.15509,2.3091,7.92488,2.95384,0.000445382,0.000445382,0.000445382
45,5983.16,1.52657,5.13112,1.89745,0.70362,0.34613,0.40965,0.16778,2.38275,9.46808,3.20413,0.000442915,0.000442915,0.000442915
46,6109.33,1.53265,5.20591,1.90767,0.60673,0.37302,0.38252,0.18003,2.26343,7.64037,2.97185,0.000440401,0.000440401,0.000440401
47,6241.56,1.53304,5.30922,1.89788,0.64556,0.36871,0.40098,0.17601,2.36069,10.2035,3.14608,0.00043784,0.00043784,0.00043784
48,6369.81,1.52105,5.18207,1.91015,0.60862,0.32533,0.3346,0.13683,2.30658,10.1214,3.03044,0.000435233,0.000435233,0.000435233
49,6497.6,1.5115,5.20384,1.90687,0.65013,0.36728,0.3671,0.15852,2.30622,9.70261,3.02843,0.000432581,0.000432581,0.000432581
50,6626.85,1.50739,5.11739,1.88517,0.67363,0.37923,0.37192,0.1687,2.33244,8.50409,3.15957,0.000429884,0.000429884,0.000429884
51,6754.15,1.50249,5.05423,1.87687,0.56166,0.39233,0.34997,0.14556,2.36937,7.90373,3.23702,0.000427143,0.000427143,0.000427143
52,6882.49,1.49907,4.9348,1.88037,0.67379,0.36613,0.41772,0.16189,2.32824,7.75105,3.18607,0.000424358,0.000424358,0.000424358
53,7010.68,1.48904,4.95619,1.86752,0.63226,0.35103,0.39457,0.17263,2.36937,7.42683,3.16544,0.000421531,0.000421531,0.000421531
54,7139.46,1.48265,4.99045,1.88583,0.7179,0.3431,0.38154,0.15369,2.28345,7.70328,3.07983,0.000418662,0.000418662,0.000418662
55,7268.77,1.48706,4.88475,1.87377,0.65391,0.3641,0.37679,0.17138,2.35451,7.29274,3.17901,0.000415751,0.000415751,0.000415751
56,7396.03,1.48756,4.97331,1.87008,0.66238,0.3745,0.40583,0.17817,2.34919,9.74877,3.12648,0.0004128,0.0004128,0.0004128
57,7522.24,1.47732,4.86811,1.8656,0.68107,0.35103,0.37778,0.17285,2.26751,8.5819,3.04702,0.000409809,0.000409809,0.000409809
58,7652.71,1.47601,4.76142,1.8532,0.67394,0.36719,0.38709,0.16565,2.33793,8.11251,3.12156,0.000406779,0.000406779,0.000406779
59,7779.44,1.47414,4.83949,1.85263,0.70996,0.3875,0.39819,0.1729,2.30635,7.53473,3.09442,0.000403711,0.000403711,0.000403711
60,7905.92,1.48828,4.8535,1.86777,0.67041,0.37375,0.36909,0.15802,2.34618,8.13439,3.0782,0.000400605,0.000400605,0.000400605
61,8037.21,1.45562,4.72155,1.83422,0.67677,0.37392,0.3988,0.18037,2.37112,7.69344,3.19879,0.000397462,0.000397462,0.000397462
62,8165.04,1.45696,4.6958,1.83591,0.66704,0.37445,0.42092,0.18995,2.32158,7.96851,3.20821,0.000394283,0.000394283,0.000394283
63,8292.53,1.43911,4.75362,1.82739,0.68342,0.37585,0.37439,0.17119,2.29835,8.04168,3.02415,0.000391068,0.000391068,0.000391068
64,8420.82,1.4419,4.71692,1.83366,0.68585,0.32045,0.37561,0.1818,2.26009,7.642,3.10887,0.000387819,0.000387819,0.000387819
65,8548.47,1.42741,4.61954,1.82141,0.66248,0.35627,0.38992,0.17912,2.28733,7.31066,3.05528,0.000384537,0.000384537,0.000384537
66,8677.34,1.42752,4.60153,1.80775,0.74373,0.34885,0.38806,0.1775,2.27451,7.46936,3.17162,0.000381222,0.000381222,0.000381222
67,8807.87,1.43225,4.64016,1.81393,0.71144,0.35161,0.39717,0.18992,2.31904,8.52181,3.17687,0.000377874,0.000377874,0.000377874
68,8934.78,1.42296,4.58886,1.8157,0.69055,0.37417,0.39212,0.17675,2.29545,8.17002,3.28414,0.000374495,0.000374495,0.000374495
69,9064.68,1.41881,4.47502,1.80336,0.6985,0.35403,0.38639,0.16862,2.30964,7.54099,3.26779,0.000371086,0.000371086,0.000371086
70,9192.21,1.43253,4.47729,1.81913,0.75187,0.34753,0.39222,0.17173,2.36917,6.87193,3.37636,0.000367648,0.000367648,0.000367648
71,9319.27,1.40114,4.44805,1.79544,0.67608,0.37141,0.37967,0.1699,2.31297,8.29761,3.26529,0.00036418,0.00036418,0.00036418
72,9449.89,1.40354,4.37759,1.79669,0.69125,0.38157,0.37556,0.16891,2.33976,7.22716,3.23051,0.000360685,0.000360685,0.000360685
73,9577.02,1.40271,4.29531,1.78266,0.66376,0.37668,0.35993,0.15846,2.35904,7.71296,3.31409,0.000357163,0.000357163,0.000357163
74,9704.07,1.40185,4.36549,1.79749,0.68455,0.39103,0.36804,0.1529,2.33496,6.78989,3.20717,0.000353614,0.000353614,0.000353614
75,9835.93,1.41134,4.41431,1.79567,0.5713,0.38838,0.38017,0.16401,2.35227,7.77156,3.2434,0.000350041,0.000350041,0.000350041
76,9963.05,1.38597,4.29521,1.76793,0.63383,0.38734,0.34051,0.14613,2.3329,7.19847,3.26392,0.000346443,0.000346443,0.000346443
77,10091.1,1.38569,4.37588,1.77942,0.60738,0.36649,0.36885,0.16472,2.32808,7.90689,3.31955,0.000342821,0.000342821,0.000342821
78,10221,1.41668,4.32133,1.78453,0.59909,0.41384,0.42006,0.18031,2.28444,7.38636,3.18788,0.000339177,0.000339177,0.000339177
79,10433.4,1.37232,4.3052,1.77719,0.64145,0.39279,0.38882,0.16901,2.2955,8.25996,3.17004,0.000335511,0.000335511,0.000335511
80,10691.8,1.38327,4.32722,1.76541,0.65084,0.38691,0.39175,0.17986,2.29108,7.88608,3.1325,0.000331824,0.000331824,0.000331824
81,10939,1.36749,4.28422,1.76807,0.59741,0.38116,0.3734,0.16579,2.32409,8.69307,3.20772,0.000328118,0.000328118,0.000328118
82,11067.6,1.39286,4.36732,1.79074,0.64986,0.39883,0.44742,0.20786,2.3137,7.69077,3.23576,0.000324393,0.000324393,0.000324393
83,11196.8,1.38091,4.29033,1.78026,0.68993,0.38597,0.40327,0.16979,2.35064,7.84169,3.21973,0.000320649,0.000320649,0.000320649
84,11328.8,1.35592,4.14131,1.76049,0.71727,0.39971,0.42859,0.18689,2.33642,7.69453,3.22727,0.000316888,0.000316888,0.000316888
85,11456.2,1.35242,4.08872,1.75325,0.66554,0.38545,0.37878,0.16176,2.34634,7.48917,3.30779,0.000313112,0.000313112,0.000313112
86,11585.6,1.37097,4.10813,1.75433,0.70684,0.38903,0.38972,0.17391,2.28752,8.0074,3.24672,0.00030932,0.00030932,0.00030932
87,11713.7,1.37141,4.15961,1.75929,0.71899,0.3797,0.42118,0.17891,2.33492,8.58611,3.4502,0.000305513,0.000305513,0.000305513
88,11840.6,1.3528,4.06006,1.7575,0.66009,0.40072,0.40976,0.18011,2.33829,7.2475,3.27057,0.000301693,0.000301693,0.000301693
89,11971.7,1.34896,4.07023,1.7454,0.5987,0.40819,0.41061,0.18407,2.3243,7.31228,3.24943,0.000297861,0.000297861,0.000297861
90,12103.4,1.35259,3.99745,1.74985,0.6631,0.40718,0.45757,0.20468,2.278,7.21603,3.21707,0.000294017,0.000294017,0.000294017
91,12232.7,1.35306,4.09921,1.74359,0.61014,0.4021,0.4176,0.18272,2.29751,7.17722,3.19295,0.000290163,0.000290163,0.000290163
92,12367.4,1.329,3.92339,1.72713,0.78141,0.38817,0.4309,0.19762,2.31846,6.83133,3.26353,0.000286299,0.000286299,0.000286299
93,12533.7,1.33181,3.93754,1.72087,0.66436,0.39767,0.43311,0.19073,2.31509,7.53588,3.22891,0.000282427,0.000282427,0.000282427
94,12798.5,1.33422,3.95186,1.72379,0.71043,0.40069,0.4564,0.19094,2.30521,7.37828,3.2044,0.000278546,0.000278546,0.000278546
95,13020.2,1.32837,3.98943,1.72724,0.6822,0.39187,0.43287,0.19589,2.31097,7.30341,3.27666,0.000274659,0.000274659,0.000274659
96,13148.4,1.32837,3.90645,1.72892,0.68777,0.3799,0.43125,0.19345,2.30668,7.34747,3.26585,0.000270767,0.000270767,0.000270767
97,13273.9,1.32055,3.89494,1.72689,0.68602,0.3945,0.42474,0.18805,2.38384,7.33964,3.3248,0.000266869,0.000266869,0.000266869
98,13404.1,1.30861,3.88255,1.70757,0.75385,0.39106,0.42669,0.18173,2.39671,7.68617,3.4067,0.000262968,0.000262968,0.000262968
99,13531.6,1.31315,3.82259,1.69572,0.6281,0.39283,0.42215,0.18228,2.39917,7.41922,3.38613,0.000259063,0.000259063,0.000259063
100,13657.8,1.30585,3.79497,1.70513,0.74031,0.38562,0.4209,0.18456,2.35729,7.38148,3.38299,0.000255157,0.000255157,0.000255157
101,13791.2,1.30437,3.85398,1.71392,0.6653,0.39642,0.41969,0.17468,2.34001,7.16896,3.39264,0.00025125,0.00025125,0.00025125
102,13918.6,1.3038,3.81657,1.69669,0.72502,0.38016,0.41116,0.17322,2.34897,7.04628,3.38832,0.000247343,0.000247343,0.000247343
103,14046,1.31906,3.90173,1.70768,0.72865,0.37978,0.41949,0.18065,2.3611,7.38123,3.35504,0.000243437,0.000243437,0.000243437
104,14175.3,1.30455,3.81869,1.70696,0.71171,0.40113,0.41197,0.18358,2.36858,6.88933,3.35722,0.000239532,0.000239532,0.000239532
105,14302.6,1.29278,3.7556,1.68514,0.70761,0.39743,0.43653,0.19163,2.38537,6.93379,3.36798,0.000235631,0.000235631,0.000235631
106,14430.4,1.29648,3.79238,1.6885,0.65164,0.40317,0.39759,0.17704,2.41114,6.82847,3.44274,0.000231733,0.000231733,0.000231733
107,14562.4,1.29432,3.76908,1.68975,0.65694,0.40137,0.39727,0.175,2.39921,7.18663,3.40868,0.000227841,0.000227841,0.000227841
108,14689,1.25344,3.67791,1.66978,0.78605,0.38146,0.41525,0.19074,2.3666,6.90289,3.3611,0.000223954,0.000223954,0.000223954
109,14817.5,1.2919,3.70977,1.69262,0.64486,0.40137,0.41254,0.1857,2.34849,6.9518,3.36633,0.000220073,0.000220073,0.000220073
110,14945.7,1.27791,3.65882,1.68003,0.69766,0.38989,0.39697,0.18948,2.31501,6.74819,3.27776,0.000216201,0.000216201,0.000216201
111,15072.1,1.26934,3.61066,1.66577,0.77714,0.38348,0.407,0.18282,2.30972,6.74076,3.29471,0.000212337,0.000212337,0.000212337
112,15202.6,1.26379,3.58979,1.67812,0.74126,0.38551,0.42293,0.18744,2.32666,6.48401,3.30608,0.000208483,0.000208483,0.000208483
113,15330.4,1.26959,3.64209,1.66583,0.69989,0.3876,0.43113,0.19342,2.32614,6.18354,3.29473,0.000204639,0.000204639,0.000204639
114,15457.2,1.26231,3.56028,1.65433,0.66604,0.41298,0.42564,0.19049,2.33258,6.14553,3.3037,0.000200807,0.000200807,0.000200807
115,15587,1.25593,3.51647,1.67109,0.67164,0.41738,0.44107,0.19671,2.33094,6.03712,3.30193,0.000196987,0.000196987,0.000196987
116,15714.3,1.25851,3.55711,1.65813,0.74784,0.39528,0.44735,0.20988,2.31401,6.07588,3.30444,0.00019318,0.00019318,0.00019318
117,15841.5,1.25218,3.4813,1.665,0.68474,0.38551,0.45401,0.21062,2.32745,6.0163,3.32366,0.000189388,0.000189388,0.000189388
118,15974,1.25398,3.5583,1.65751,0.65579,0.40488,0.4512,0.20695,2.3234,6.07786,3.35827,0.000185612,0.000185612,0.000185612
119,16101.9,1.25575,3.46882,1.6532,0.71734,0.39239,0.44288,0.19732,2.30997,6.12333,3.32518,0.000181851,0.000181851,0.000181851
120,16230.1,1.24815,3.46324,1.65755,0.70501,0.39161,0.43725,0.19667,2.32419,6.04584,3.36932,0.000178107,0.000178107,0.000178107
121,16358.5,1.24465,3.39164,1.63304,0.7554,0.38222,0.43899,0.20028,2.34621,5.98225,3.38899,0.000174382,0.000174382,0.000174382
122,16485.2,1.23169,3.45427,1.62286,0.65104,0.40412,0.45351,0.20076,2.34652,5.99483,3.4023,0.000170676,0.000170676,0.000170676
123,16613.9,1.23357,3.40672,1.64184,0.68978,0.36472,0.45108,0.20227,2.32497,6.10417,3.40242,0.000166989,0.000166989,0.000166989
124,16742.2,1.21889,3.32431,1.63475,0.6915,0.39822,0.46259,0.20618,2.329,6.12823,3.38187,0.000163323,0.000163323,0.000163323
125,16868.5,1.24333,3.36855,1.6453,0.69557,0.38936,0.46221,0.20884,2.3286,6.14773,3.39738,0.000159679,0.000159679,0.000159679
126,16999.1,1.22679,3.39095,1.643,0.69432,0.38881,0.4332,0.19523,2.33111,6.25737,3.4215,0.000156057,0.000156057,0.000156057
127,17125.2,1.22373,3.35355,1.63644,0.67493,0.39894,0.42606,0.19451,2.33167,6.25936,3.43867,0.000152459,0.000152459,0.000152459
128,17251.8,1.21953,3.30693,1.62689,0.69028,0.3924,0.41741,0.18919,2.35209,6.19002,3.44858,0.000148886,0.000148886,0.000148886
129,17383.1,1.21215,3.29165,1.61756,0.70118,0.38076,0.42526,0.19238,2.36801,6.13025,3.48788,0.000145337,0.000145337,0.000145337
130,17509.9,1.2194,3.38374,1.63287,0.75944,0.36666,0.42834,0.19221,2.39022,6.00114,3.55677,0.000141815,0.000141815,0.000141815
131,17636.4,1.21933,3.33544,1.62557,0.68046,0.39422,0.43566,0.19106,2.38487,6.18181,3.56347,0.00013832,0.00013832,0.00013832
132,17767.6,1.20015,3.23655,1.6153,0.69555,0.38609,0.43711,0.19212,2.36305,6.06381,3.54679,0.000134852,0.000134852,0.000134852
133,17894.3,1.20912,3.27688,1.62178,0.70056,0.39135,0.43851,0.18401,2.38067,6.11816,3.5587,0.000131414,0.000131414,0.000131414
134,18022.4,1.20977,3.34054,1.61725,0.75261,0.38612,0.45486,0.19363,2.37916,6.13583,3.52873,0.000128005,0.000128005,0.000128005
135,18154.2,1.18384,3.20388,1.59797,0.70068,0.38449,0.43485,0.1889,2.38378,6.04014,3.53543,0.000124626,0.000124626,0.000124626
136,18280.8,1.19477,3.2019,1.61084,0.70953,0.38413,0.43624,0.19083,2.37846,6.00218,3.52153,0.000121278,0.000121278,0.000121278
137,18409.1,1.18024,3.21206,1.59027,0.70291,0.38259,0.42568,0.18588,2.37856,6.02678,3.52972,0.000117963,0.000117963,0.000117963
138,18537.8,1.19401,3.17632,1.59834,0.69916,0.38787,0.42274,0.18513,2.33878,6.09425,3.4664,0.000114681,0.000114681,0.000114681
139,18663.6,1.18822,3.2101,1.61288,0.70933,0.38584,0.42588,0.18332,2.36332,6.02294,3.52955,0.000111432,0.000111432,0.000111432
140,18794,1.18306,3.21364,1.61169,0.74905,0.39133,0.42612,0.1865,2.37756,6.02803,3.57166,0.000108217,0.000108217,0.000108217
141,18921.2,1.19565,3.23435,1.59874,0.70161,0.38499,0.42074,0.18747,2.3831,5.89443,3.64457,0.000105038,0.000105038,0.000105038
142,19047.8,1.18984,3.24159,1.61199,0.70495,0.39182,0.42118,0.18346,2.38065,5.88724,3.61272,0.000101895,0.000101895,0.000101895
143,19179.7,1.18025,3.12534,1.60003,0.70278,0.39155,0.42499,0.19225,2.37625,5.80207,3.59168,9.87894e-05,9.87894e-05,9.87894e-05
144,19307.7,1.17466,3.09966,1.58304,0.74081,0.39242,0.42651,0.19215,2.38237,5.77755,3.58759,9.57209e-05,9.57209e-05,9.57209e-05
145,19433.8,1.17089,3.11272,1.59013,0.73957,0.38593,0.42471,0.19006,2.38214,5.78892,3.58419,9.26908e-05,9.26908e-05,9.26908e-05
146,19587.6,1.1695,3.08282,1.59227,0.69061,0.39508,0.4211,0.18662,2.37376,5.85604,3.58049,8.96998e-05,8.96998e-05,8.96998e-05
147,19841,1.17019,3.14354,1.58402,0.70051,0.38593,0.41762,0.1842,2.36983,5.80879,3.60123,8.67487e-05,8.67487e-05,8.67487e-05
148,20089.2,1.17255,3.15848,1.59544,0.73595,0.39343,0.41971,0.18421,2.37567,5.77593,3.60565,8.38381e-05,8.38381e-05,8.38381e-05
149,20337,1.17849,3.05003,1.58413,0.74049,0.39244,0.42288,0.18609,2.35034,5.6307,3.57411,8.09689e-05,8.09689e-05,8.09689e-05
150,20583.4,1.15279,3.03099,1.56762,0.74912,0.40721,0.42867,0.19009,2.35452,5.60871,3.56891,7.81417e-05,7.81417e-05,7.81417e-05
151,20828.5,1.15853,3.04995,1.56511,0.74339,0.40587,0.42822,0.18885,2.36212,5.65459,3.5891,7.53572e-05,7.53572e-05,7.53572e-05
152,21075.2,1.14752,3.0002,1.5556,0.74565,0.40063,0.43217,0.19525,2.37699,5.71711,3.61826,7.26161e-05,7.26161e-05,7.26161e-05
153,21276.1,1.15675,3.03355,1.56955,0.74125,0.39355,0.42619,0.19386,2.39268,5.7607,3.64787,6.99191e-05,6.99191e-05,6.99191e-05
154,21408.7,1.15666,3.02656,1.56953,0.74504,0.39325,0.42762,0.19184,2.38396,5.74746,3.64464,6.72668e-05,6.72668e-05,6.72668e-05
155,21534.5,1.13876,2.96137,1.54518,0.69228,0.39743,0.43053,0.19063,2.3866,5.76684,3.63,6.46599e-05,6.46599e-05,6.46599e-05
156,21663.2,1.14326,2.97825,1.5567,0.69146,0.39456,0.43148,0.19263,2.38537,5.81271,3.64287,6.2099e-05,6.2099e-05,6.2099e-05
157,21790.9,1.14998,3.03938,1.56681,0.65127,0.39208,0.43185,0.1928,2.3833,5.77596,3.65528,5.95848e-05,5.95848e-05,5.95848e-05
158,21916.9,1.14985,3.02961,1.55449,0.65444,0.39272,0.43065,0.1927,2.39207,5.79298,3.66518,5.71179e-05,5.71179e-05,5.71179e-05
159,22047.6,1.14918,3.02131,1.55925,0.65241,0.39363,0.43418,0.20027,2.3888,5.7682,3.6652,5.46989e-05,5.46989e-05,5.46989e-05
160,22174.3,1.13558,2.96971,1.56804,0.65534,0.39184,0.43073,0.1956,2.39412,5.81549,3.68315,5.23284e-05,5.23284e-05,5.23284e-05
161,22300.5,1.13183,2.92755,1.54565,0.66007,0.39205,0.43129,0.19454,2.39427,5.78668,3.68226,5.0007e-05,5.0007e-05,5.0007e-05
162,22431.4,1.14339,3.01792,1.56468,0.70343,0.39031,0.43098,0.19497,2.39963,5.80984,3.69101,4.77353e-05,4.77353e-05,4.77353e-05
163,22558.2,1.13201,2.96964,1.55333,0.69968,0.39255,0.43518,0.19427,2.40183,5.80222,3.69362,4.55137e-05,4.55137e-05,4.55137e-05
164,22686,1.12739,2.92783,1.55039,0.6902,0.39481,0.43641,0.19457,2.39865,5.79211,3.6884,4.33429e-05,4.33429e-05,4.33429e-05
165,22817.9,1.13057,2.9403,1.55209,0.70884,0.38213,0.43478,0.19842,2.39906,5.75539,3.67865,4.12234e-05,4.12234e-05,4.12234e-05
166,22944.6,1.1263,2.92008,1.55338,0.71335,0.38067,0.43573,0.19866,2.39787,5.73487,3.66782,3.91558e-05,3.91558e-05,3.91558e-05
167,23072.3,1.13218,2.99536,1.55889,0.71618,0.38681,0.43753,0.19963,2.39742,5.71313,3.66777,3.71404e-05,3.71404e-05,3.71404e-05
